solution_id,subject_name,unit_number,topic_name,difficulty_level,requires_diagram,marks,question_text,solution_text
1,Operating System,1,General OS,Easy,No,2,What is operating system?,An operating system is system software that manages hardware and software resources and provides services for computer programs.
2,Operating System,2,General OS,Easy,No,2,Explain kernel with example.,"Kernel is the core part of an operating system that manages system resources like CPU, memory, and devices."
3,Operating System,3,General OS,Easy,No,2,What is system calls?,System calls are the interface between user programs and the operating system to request services.
4,Operating System,4,General OS,Easy,Yes,2,Explain os structure with example.,"This answer depends on the concept. Generally, it explains the definition and working of the topic in operating systems."
5,Operating System,5,General OS,Easy,No,2,What is types of os?,"Types of operating systems include batch OS, time-sharing OS, distributed OS, and real-time OS."
6,Operating System,1,General OS,Easy,No,2,Explain operating system with example.,An operating system is system software that manages hardware and software resources and provides services for computer programs.
7,Operating System,2,General OS,Easy,No,2,What is kernel?,"Kernel is the core part of an operating system that manages system resources like CPU, memory, and devices."
8,Operating System,3,General OS,Easy,No,2,Explain system calls with example.,System calls are the interface between user programs and the operating system to request services.
9,Operating System,4,General OS,Easy,Yes,2,What is os structure?,"This answer depends on the concept. Generally, it explains the definition and working of the topic in operating systems."
10,Operating System,5,General OS,Easy,No,2,Explain types of os with example.,"Types of operating systems include batch OS, time-sharing OS, distributed OS, and real-time OS."
11,Operating System,1,General OS,Easy,No,2,What is operating system?,An operating system is system software that manages hardware and software resources and provides services for computer programs.
12,Operating System,2,General OS,Easy,No,2,Explain kernel with example.,"Kernel is the core part of an operating system that manages system resources like CPU, memory, and devices."
13,Operating System,3,General OS,Easy,No,2,What is system calls?,System calls are the interface between user programs and the operating system to request services.
14,Operating System,4,General OS,Easy,Yes,2,Explain os structure with example.,"This answer depends on the concept. Generally, it explains the definition and working of the topic in operating systems."
15,Operating System,5,General OS,Easy,No,2,What is types of os?,"Types of operating systems include batch OS, time-sharing OS, distributed OS, and real-time OS."
16,Operating System,1,General OS,Easy,No,2,Explain operating system with example.,An operating system is system software that manages hardware and software resources and provides services for computer programs.
17,Operating System,2,General OS,Easy,No,2,What is kernel?,"Kernel is the core part of an operating system that manages system resources like CPU, memory, and devices."
18,Operating System,3,General OS,Easy,No,2,Explain system calls with example.,System calls are the interface between user programs and the operating system to request services.
19,Operating System,4,General OS,Easy,Yes,2,What is os structure?,"This answer depends on the concept. Generally, it explains the definition and working of the topic in operating systems."
20,Operating System,5,General OS,Easy,No,2,Explain types of os with example.,"Types of operating systems include batch OS, time-sharing OS, distributed OS, and real-time OS."
21,Operating System,1,General OS,Easy,No,2,What is operating system?,An operating system is system software that manages hardware and software resources and provides services for computer programs.
22,Operating System,2,General OS,Easy,No,2,Explain kernel with example.,"Kernel is the core part of an operating system that manages system resources like CPU, memory, and devices."
23,Operating System,3,General OS,Easy,No,2,What is system calls?,System calls are the interface between user programs and the operating system to request services.
24,Operating System,4,General OS,Easy,Yes,2,Explain os structure with example.,"This answer depends on the concept. Generally, it explains the definition and working of the topic in operating systems."
25,Operating System,5,General OS,Easy,No,2,What is types of os?,"Types of operating systems include batch OS, time-sharing OS, distributed OS, and real-time OS."
26,Operating System,1,General OS,Easy,No,2,Explain operating system with example.,An operating system is system software that manages hardware and software resources and provides services for computer programs.
27,Operating System,2,General OS,Easy,No,2,What is kernel?,"Kernel is the core part of an operating system that manages system resources like CPU, memory, and devices."
28,Operating System,3,General OS,Easy,No,2,Explain system calls with example.,System calls are the interface between user programs and the operating system to request services.
29,Operating System,4,General OS,Easy,Yes,2,What is os structure?,"This answer depends on the concept. Generally, it explains the definition and working of the topic in operating systems."
30,Operating System,5,General OS,Easy,No,2,Explain types of os with example.,"Types of operating systems include batch OS, time-sharing OS, distributed OS, and real-time OS."
31,Operating System,1,General OS,Easy,No,2,What is operating system?,An operating system is system software that manages hardware and software resources and provides services for computer programs.
32,Operating System,2,General OS,Easy,No,2,Explain kernel with example.,"Kernel is the core part of an operating system that manages system resources like CPU, memory, and devices."
33,Operating System,3,General OS,Easy,No,2,What is system calls?,System calls are the interface between user programs and the operating system to request services.
34,Operating System,4,General OS,Easy,Yes,2,Explain os structure with example.,"This answer depends on the concept. Generally, it explains the definition and working of the topic in operating systems."
35,Operating System,5,General OS,Easy,No,2,What is types of os?,"Types of operating systems include batch OS, time-sharing OS, distributed OS, and real-time OS."
36,Operating System,1,General OS,Easy,No,2,Explain operating system with example.,An operating system is system software that manages hardware and software resources and provides services for computer programs.
37,Operating System,2,General OS,Easy,No,2,What is kernel?,"Kernel is the core part of an operating system that manages system resources like CPU, memory, and devices."
38,Operating System,3,General OS,Easy,No,2,Explain system calls with example.,System calls are the interface between user programs and the operating system to request services.
39,Operating System,4,General OS,Easy,Yes,2,What is os structure?,"This answer depends on the concept. Generally, it explains the definition and working of the topic in operating systems."
40,Operating System,5,General OS,Easy,No,2,Explain types of os with example.,"Types of operating systems include batch OS, time-sharing OS, distributed OS, and real-time OS."
41,Operating System,1,General OS,Easy,No,2,What is operating system?,An operating system is system software that manages hardware and software resources and provides services for computer programs.
42,Operating System,2,General OS,Easy,No,2,Explain kernel with example.,"Kernel is the core part of an operating system that manages system resources like CPU, memory, and devices."
43,Operating System,3,General OS,Easy,No,2,What is system calls?,System calls are the interface between user programs and the operating system to request services.
44,Operating System,4,General OS,Easy,Yes,2,Explain os structure with example.,"This answer depends on the concept. Generally, it explains the definition and working of the topic in operating systems."
45,Operating System,5,General OS,Easy,No,2,What is types of os?,"Types of operating systems include batch OS, time-sharing OS, distributed OS, and real-time OS."
46,Operating System,1,General OS,Easy,No,2,Explain operating system with example.,An operating system is system software that manages hardware and software resources and provides services for computer programs.
47,Operating System,2,General OS,Easy,No,2,What is kernel?,"Kernel is the core part of an operating system that manages system resources like CPU, memory, and devices."
48,Operating System,3,General OS,Easy,No,2,Explain system calls with example.,System calls are the interface between user programs and the operating system to request services.
49,Operating System,4,General OS,Easy,Yes,2,What is os structure?,"This answer depends on the concept. Generally, it explains the definition and working of the topic in operating systems."
50,Operating System,5,General OS,Easy,No,2,Explain types of os with example.,"Types of operating systems include batch OS, time-sharing OS, distributed OS, and real-time OS."
51,Operating System,1,General OS,Easy,No,2,What is process?,"This answer depends on the concept. Generally, it explains the definition and working of the topic in operating systems."
52,Operating System,2,General OS,Easy,No,2,Explain thread with example.,"This answer depends on the concept. Generally, it explains the definition and working of the topic in operating systems."
53,Operating System,3,General OS,Easy,No,2,What is concurrency?,"This answer depends on the concept. Generally, it explains the definition and working of the topic in operating systems."
54,Operating System,4,General OS,Easy,No,2,Explain semaphore with example.,"This answer depends on the concept. Generally, it explains the definition and working of the topic in operating systems."
55,Operating System,5,General OS,Easy,No,2,What is deadlock?,"This answer depends on the concept. Generally, it explains the definition and working of the topic in operating systems."
56,Operating System,1,General OS,Easy,No,2,Explain process with example.,"This answer depends on the concept. Generally, it explains the definition and working of the topic in operating systems."
57,Operating System,2,General OS,Easy,No,2,What is thread?,"This answer depends on the concept. Generally, it explains the definition and working of the topic in operating systems."
58,Operating System,3,General OS,Easy,No,2,Explain concurrency with example.,"This answer depends on the concept. Generally, it explains the definition and working of the topic in operating systems."
59,Operating System,4,General OS,Easy,No,2,What is semaphore?,"This answer depends on the concept. Generally, it explains the definition and working of the topic in operating systems."
60,Operating System,5,General OS,Easy,No,2,Explain deadlock with example.,"This answer depends on the concept. Generally, it explains the definition and working of the topic in operating systems."
61,Operating System,1,General OS,Easy,No,2,What is process?,"This answer depends on the concept. Generally, it explains the definition and working of the topic in operating systems."
62,Operating System,2,General OS,Easy,No,2,Explain thread with example.,"This answer depends on the concept. Generally, it explains the definition and working of the topic in operating systems."
63,Operating System,3,General OS,Easy,No,2,What is concurrency?,"This answer depends on the concept. Generally, it explains the definition and working of the topic in operating systems."
64,Operating System,4,General OS,Easy,No,2,Explain semaphore with example.,"This answer depends on the concept. Generally, it explains the definition and working of the topic in operating systems."
65,Operating System,5,General OS,Easy,No,2,What is deadlock?,"This answer depends on the concept. Generally, it explains the definition and working of the topic in operating systems."
66,Operating System,1,General OS,Easy,No,2,Explain process with example.,"This answer depends on the concept. Generally, it explains the definition and working of the topic in operating systems."
67,Operating System,2,General OS,Easy,No,2,What is thread?,"This answer depends on the concept. Generally, it explains the definition and working of the topic in operating systems."
68,Operating System,3,General OS,Easy,No,2,Explain concurrency with example.,"This answer depends on the concept. Generally, it explains the definition and working of the topic in operating systems."
69,Operating System,4,General OS,Easy,No,2,What is semaphore?,"This answer depends on the concept. Generally, it explains the definition and working of the topic in operating systems."
70,Operating System,5,General OS,Easy,No,2,Explain deadlock with example.,"This answer depends on the concept. Generally, it explains the definition and working of the topic in operating systems."
71,Operating System,1,General OS,Easy,No,2,What is process?,"This answer depends on the concept. Generally, it explains the definition and working of the topic in operating systems."
72,Operating System,2,General OS,Easy,No,2,Explain thread with example.,"This answer depends on the concept. Generally, it explains the definition and working of the topic in operating systems."
73,Operating System,3,General OS,Easy,No,2,What is concurrency?,"This answer depends on the concept. Generally, it explains the definition and working of the topic in operating systems."
74,Operating System,4,General OS,Easy,No,2,Explain semaphore with example.,"This answer depends on the concept. Generally, it explains the definition and working of the topic in operating systems."
75,Operating System,5,General OS,Easy,No,2,What is deadlock?,"This answer depends on the concept. Generally, it explains the definition and working of the topic in operating systems."
76,Operating System,1,General OS,Easy,No,2,Explain process with example.,"This answer depends on the concept. Generally, it explains the definition and working of the topic in operating systems."
77,Operating System,2,General OS,Easy,No,2,What is thread?,"This answer depends on the concept. Generally, it explains the definition and working of the topic in operating systems."
78,Operating System,3,General OS,Easy,No,2,Explain concurrency with example.,"This answer depends on the concept. Generally, it explains the definition and working of the topic in operating systems."
79,Operating System,4,General OS,Easy,No,2,What is semaphore?,"This answer depends on the concept. Generally, it explains the definition and working of the topic in operating systems."
80,Operating System,5,General OS,Easy,No,2,Explain deadlock with example.,"This answer depends on the concept. Generally, it explains the definition and working of the topic in operating systems."
81,Operating System,1,General OS,Easy,No,2,What is process?,"This answer depends on the concept. Generally, it explains the definition and working of the topic in operating systems."
82,Operating System,2,General OS,Easy,No,2,Explain thread with example.,"This answer depends on the concept. Generally, it explains the definition and working of the topic in operating systems."
83,Operating System,3,General OS,Easy,No,2,What is concurrency?,"This answer depends on the concept. Generally, it explains the definition and working of the topic in operating systems."
84,Operating System,4,General OS,Easy,No,2,Explain semaphore with example.,"This answer depends on the concept. Generally, it explains the definition and working of the topic in operating systems."
85,Operating System,5,General OS,Easy,No,2,What is deadlock?,"This answer depends on the concept. Generally, it explains the definition and working of the topic in operating systems."
86,Operating System,1,General OS,Easy,No,2,Explain process with example.,"This answer depends on the concept. Generally, it explains the definition and working of the topic in operating systems."
87,Operating System,2,General OS,Easy,No,2,What is thread?,"This answer depends on the concept. Generally, it explains the definition and working of the topic in operating systems."
88,Operating System,3,General OS,Easy,No,2,Explain concurrency with example.,"This answer depends on the concept. Generally, it explains the definition and working of the topic in operating systems."
89,Operating System,4,General OS,Easy,No,2,What is semaphore?,"This answer depends on the concept. Generally, it explains the definition and working of the topic in operating systems."
90,Operating System,5,General OS,Easy,No,2,Explain deadlock with example.,"This answer depends on the concept. Generally, it explains the definition and working of the topic in operating systems."
91,Operating System,1,General OS,Easy,No,2,What is process?,"This answer depends on the concept. Generally, it explains the definition and working of the topic in operating systems."
92,Operating System,2,General OS,Easy,No,2,Explain thread with example.,"This answer depends on the concept. Generally, it explains the definition and working of the topic in operating systems."
93,Operating System,3,General OS,Easy,No,2,What is concurrency?,"This answer depends on the concept. Generally, it explains the definition and working of the topic in operating systems."
94,Operating System,4,General OS,Easy,No,2,Explain semaphore with example.,"This answer depends on the concept. Generally, it explains the definition and working of the topic in operating systems."
95,Operating System,5,General OS,Easy,No,2,What is deadlock?,"This answer depends on the concept. Generally, it explains the definition and working of the topic in operating systems."
96,Operating System,1,General OS,Easy,No,2,Explain process with example.,"This answer depends on the concept. Generally, it explains the definition and working of the topic in operating systems."
97,Operating System,2,General OS,Easy,No,2,What is thread?,"This answer depends on the concept. Generally, it explains the definition and working of the topic in operating systems."
98,Operating System,3,General OS,Easy,No,2,Explain concurrency with example.,"This answer depends on the concept. Generally, it explains the definition and working of the topic in operating systems."
99,Operating System,4,General OS,Easy,No,2,What is semaphore?,"This answer depends on the concept. Generally, it explains the definition and working of the topic in operating systems."
100,Operating System,5,General OS,Easy,No,2,Explain deadlock with example.,"This answer depends on the concept. Generally, it explains the definition and working of the topic in operating systems."
101,Operating System,1,General OS,Easy,No,2,What is cpu scheduling?,"This answer depends on the concept. Generally, it explains the definition and working of the topic in operating systems."
102,Operating System,2,General OS,Easy,No,2,Explain fcfs with example.,"This answer depends on the concept. Generally, it explains the definition and working of the topic in operating systems."
103,Operating System,3,General OS,Easy,No,2,What is sjf?,"This answer depends on the concept. Generally, it explains the definition and working of the topic in operating systems."
104,Operating System,4,General OS,Easy,No,2,Explain round robin with example.,"This answer depends on the concept. Generally, it explains the definition and working of the topic in operating systems."
105,Operating System,5,General OS,Easy,No,2,What is priority scheduling?,"This answer depends on the concept. Generally, it explains the definition and working of the topic in operating systems."
106,Operating System,1,General OS,Easy,No,2,Explain cpu scheduling with example.,"This answer depends on the concept. Generally, it explains the definition and working of the topic in operating systems."
107,Operating System,2,General OS,Easy,No,2,What is fcfs?,"This answer depends on the concept. Generally, it explains the definition and working of the topic in operating systems."
108,Operating System,3,General OS,Easy,No,2,Explain sjf with example.,"This answer depends on the concept. Generally, it explains the definition and working of the topic in operating systems."
109,Operating System,4,General OS,Easy,No,2,What is round robin?,"This answer depends on the concept. Generally, it explains the definition and working of the topic in operating systems."
110,Operating System,5,General OS,Medium,No,5,Explain priority scheduling with example.,"This answer depends on the concept. Generally, it explains the definition and working of the topic in operating systems."
111,Operating System,1,General OS,Easy,No,2,What is cpu scheduling?,"This answer depends on the concept. Generally, it explains the definition and working of the topic in operating systems."
112,Operating System,2,General OS,Easy,No,2,Explain fcfs with example.,"This answer depends on the concept. Generally, it explains the definition and working of the topic in operating systems."
113,Operating System,3,General OS,Easy,No,2,What is sjf?,"This answer depends on the concept. Generally, it explains the definition and working of the topic in operating systems."
114,Operating System,4,General OS,Easy,No,2,Explain round robin with example.,"This answer depends on the concept. Generally, it explains the definition and working of the topic in operating systems."
115,Operating System,5,General OS,Easy,No,2,What is priority scheduling?,"This answer depends on the concept. Generally, it explains the definition and working of the topic in operating systems."
116,Operating System,1,General OS,Easy,No,2,Explain cpu scheduling with example.,"This answer depends on the concept. Generally, it explains the definition and working of the topic in operating systems."
117,Operating System,2,General OS,Easy,No,2,What is fcfs?,"This answer depends on the concept. Generally, it explains the definition and working of the topic in operating systems."
118,Operating System,3,General OS,Easy,No,2,Explain sjf with example.,"This answer depends on the concept. Generally, it explains the definition and working of the topic in operating systems."
119,Operating System,4,General OS,Easy,No,2,What is round robin?,"This answer depends on the concept. Generally, it explains the definition and working of the topic in operating systems."
120,Operating System,5,General OS,Medium,No,5,Explain priority scheduling with example.,"This answer depends on the concept. Generally, it explains the definition and working of the topic in operating systems."
121,Operating System,1,General OS,Easy,No,2,What is cpu scheduling?,"This answer depends on the concept. Generally, it explains the definition and working of the topic in operating systems."
122,Operating System,2,General OS,Easy,No,2,Explain fcfs with example.,"This answer depends on the concept. Generally, it explains the definition and working of the topic in operating systems."
123,Operating System,3,General OS,Easy,No,2,What is sjf?,"This answer depends on the concept. Generally, it explains the definition and working of the topic in operating systems."
124,Operating System,4,General OS,Easy,No,2,Explain round robin with example.,"This answer depends on the concept. Generally, it explains the definition and working of the topic in operating systems."
125,Operating System,5,General OS,Easy,No,2,What is priority scheduling?,"This answer depends on the concept. Generally, it explains the definition and working of the topic in operating systems."
126,Operating System,1,General OS,Easy,No,2,Explain cpu scheduling with example.,"This answer depends on the concept. Generally, it explains the definition and working of the topic in operating systems."
127,Operating System,2,General OS,Easy,No,2,What is fcfs?,"This answer depends on the concept. Generally, it explains the definition and working of the topic in operating systems."
128,Operating System,3,General OS,Easy,No,2,Explain sjf with example.,"This answer depends on the concept. Generally, it explains the definition and working of the topic in operating systems."
129,Operating System,4,General OS,Easy,No,2,What is round robin?,"This answer depends on the concept. Generally, it explains the definition and working of the topic in operating systems."
130,Operating System,5,General OS,Medium,No,5,Explain priority scheduling with example.,"This answer depends on the concept. Generally, it explains the definition and working of the topic in operating systems."
131,Operating System,1,General OS,Easy,No,2,What is cpu scheduling?,"This answer depends on the concept. Generally, it explains the definition and working of the topic in operating systems."
132,Operating System,2,General OS,Easy,No,2,Explain fcfs with example.,"This answer depends on the concept. Generally, it explains the definition and working of the topic in operating systems."
133,Operating System,3,General OS,Easy,No,2,What is sjf?,"This answer depends on the concept. Generally, it explains the definition and working of the topic in operating systems."
134,Operating System,4,General OS,Easy,No,2,Explain round robin with example.,"This answer depends on the concept. Generally, it explains the definition and working of the topic in operating systems."
135,Operating System,5,General OS,Easy,No,2,What is priority scheduling?,"This answer depends on the concept. Generally, it explains the definition and working of the topic in operating systems."
136,Operating System,1,General OS,Easy,No,2,Explain cpu scheduling with example.,"This answer depends on the concept. Generally, it explains the definition and working of the topic in operating systems."
137,Operating System,2,General OS,Easy,No,2,What is fcfs?,"This answer depends on the concept. Generally, it explains the definition and working of the topic in operating systems."
138,Operating System,3,General OS,Easy,No,2,Explain sjf with example.,"This answer depends on the concept. Generally, it explains the definition and working of the topic in operating systems."
139,Operating System,4,General OS,Easy,No,2,What is round robin?,"This answer depends on the concept. Generally, it explains the definition and working of the topic in operating systems."
140,Operating System,5,General OS,Medium,No,5,Explain priority scheduling with example.,"This answer depends on the concept. Generally, it explains the definition and working of the topic in operating systems."
141,Operating System,1,General OS,Easy,No,2,What is cpu scheduling?,"This answer depends on the concept. Generally, it explains the definition and working of the topic in operating systems."
142,Operating System,2,General OS,Easy,No,2,Explain fcfs with example.,"This answer depends on the concept. Generally, it explains the definition and working of the topic in operating systems."
143,Operating System,3,General OS,Easy,No,2,What is sjf?,"This answer depends on the concept. Generally, it explains the definition and working of the topic in operating systems."
144,Operating System,4,General OS,Easy,No,2,Explain round robin with example.,"This answer depends on the concept. Generally, it explains the definition and working of the topic in operating systems."
145,Operating System,5,General OS,Easy,No,2,What is priority scheduling?,"This answer depends on the concept. Generally, it explains the definition and working of the topic in operating systems."
146,Operating System,1,General OS,Easy,No,2,Explain cpu scheduling with example.,"This answer depends on the concept. Generally, it explains the definition and working of the topic in operating systems."
147,Operating System,2,General OS,Easy,No,2,What is fcfs?,"This answer depends on the concept. Generally, it explains the definition and working of the topic in operating systems."
148,Operating System,3,General OS,Easy,No,2,Explain sjf with example.,"This answer depends on the concept. Generally, it explains the definition and working of the topic in operating systems."
149,Operating System,4,General OS,Easy,No,2,What is round robin?,"This answer depends on the concept. Generally, it explains the definition and working of the topic in operating systems."
150,Operating System,5,General OS,Medium,No,5,Explain priority scheduling with example.,"This answer depends on the concept. Generally, it explains the definition and working of the topic in operating systems."
151,Operating System,1,General OS,Easy,No,2,What is paging?,"This answer depends on the concept. Generally, it explains the definition and working of the topic in operating systems."
152,Operating System,2,General OS,Easy,No,2,Explain segmentation with example.,"This answer depends on the concept. Generally, it explains the definition and working of the topic in operating systems."
153,Operating System,3,General OS,Easy,No,2,What is virtual memory?,"This answer depends on the concept. Generally, it explains the definition and working of the topic in operating systems."
154,Operating System,4,General OS,Easy,No,2,Explain page replacement with example.,"This answer depends on the concept. Generally, it explains the definition and working of the topic in operating systems."
155,Operating System,5,General OS,Easy,No,2,What is memory allocation?,"This answer depends on the concept. Generally, it explains the definition and working of the topic in operating systems."
156,Operating System,1,General OS,Easy,No,2,Explain paging with example.,"This answer depends on the concept. Generally, it explains the definition and working of the topic in operating systems."
157,Operating System,2,General OS,Easy,No,2,What is segmentation?,"This answer depends on the concept. Generally, it explains the definition and working of the topic in operating systems."
158,Operating System,3,General OS,Easy,No,2,Explain virtual memory with example.,"This answer depends on the concept. Generally, it explains the definition and working of the topic in operating systems."
159,Operating System,4,General OS,Easy,No,2,What is page replacement?,"This answer depends on the concept. Generally, it explains the definition and working of the topic in operating systems."
160,Operating System,5,General OS,Easy,No,2,Explain memory allocation with example.,"This answer depends on the concept. Generally, it explains the definition and working of the topic in operating systems."
161,Operating System,1,General OS,Easy,No,2,What is paging?,"This answer depends on the concept. Generally, it explains the definition and working of the topic in operating systems."
162,Operating System,2,General OS,Easy,No,2,Explain segmentation with example.,"This answer depends on the concept. Generally, it explains the definition and working of the topic in operating systems."
163,Operating System,3,General OS,Easy,No,2,What is virtual memory?,"This answer depends on the concept. Generally, it explains the definition and working of the topic in operating systems."
164,Operating System,4,General OS,Easy,No,2,Explain page replacement with example.,"This answer depends on the concept. Generally, it explains the definition and working of the topic in operating systems."
165,Operating System,5,General OS,Easy,No,2,What is memory allocation?,"This answer depends on the concept. Generally, it explains the definition and working of the topic in operating systems."
166,Operating System,1,General OS,Easy,No,2,Explain paging with example.,"This answer depends on the concept. Generally, it explains the definition and working of the topic in operating systems."
167,Operating System,2,General OS,Easy,No,2,What is segmentation?,"This answer depends on the concept. Generally, it explains the definition and working of the topic in operating systems."
168,Operating System,3,General OS,Easy,No,2,Explain virtual memory with example.,"This answer depends on the concept. Generally, it explains the definition and working of the topic in operating systems."
169,Operating System,4,General OS,Easy,No,2,What is page replacement?,"This answer depends on the concept. Generally, it explains the definition and working of the topic in operating systems."
170,Operating System,5,General OS,Easy,No,2,Explain memory allocation with example.,"This answer depends on the concept. Generally, it explains the definition and working of the topic in operating systems."
171,Operating System,1,General OS,Easy,No,2,What is paging?,"This answer depends on the concept. Generally, it explains the definition and working of the topic in operating systems."
172,Operating System,2,General OS,Easy,No,2,Explain segmentation with example.,"This answer depends on the concept. Generally, it explains the definition and working of the topic in operating systems."
173,Operating System,3,General OS,Easy,No,2,What is virtual memory?,"This answer depends on the concept. Generally, it explains the definition and working of the topic in operating systems."
174,Operating System,4,General OS,Easy,No,2,Explain page replacement with example.,"This answer depends on the concept. Generally, it explains the definition and working of the topic in operating systems."
175,Operating System,5,General OS,Easy,No,2,What is memory allocation?,"This answer depends on the concept. Generally, it explains the definition and working of the topic in operating systems."
176,Operating System,1,General OS,Easy,No,2,Explain paging with example.,"This answer depends on the concept. Generally, it explains the definition and working of the topic in operating systems."
177,Operating System,2,General OS,Easy,No,2,What is segmentation?,"This answer depends on the concept. Generally, it explains the definition and working of the topic in operating systems."
178,Operating System,3,General OS,Easy,No,2,Explain virtual memory with example.,"This answer depends on the concept. Generally, it explains the definition and working of the topic in operating systems."
179,Operating System,4,General OS,Easy,No,2,What is page replacement?,"This answer depends on the concept. Generally, it explains the definition and working of the topic in operating systems."
180,Operating System,5,General OS,Easy,No,2,Explain memory allocation with example.,"This answer depends on the concept. Generally, it explains the definition and working of the topic in operating systems."
181,Operating System,1,General OS,Easy,No,2,What is paging?,"This answer depends on the concept. Generally, it explains the definition and working of the topic in operating systems."
182,Operating System,2,General OS,Easy,No,2,Explain segmentation with example.,"This answer depends on the concept. Generally, it explains the definition and working of the topic in operating systems."
183,Operating System,3,General OS,Easy,No,2,What is virtual memory?,"This answer depends on the concept. Generally, it explains the definition and working of the topic in operating systems."
184,Operating System,4,General OS,Easy,No,2,Explain page replacement with example.,"This answer depends on the concept. Generally, it explains the definition and working of the topic in operating systems."
185,Operating System,5,General OS,Easy,No,2,What is memory allocation?,"This answer depends on the concept. Generally, it explains the definition and working of the topic in operating systems."
186,Operating System,1,General OS,Easy,No,2,Explain paging with example.,"This answer depends on the concept. Generally, it explains the definition and working of the topic in operating systems."
187,Operating System,2,General OS,Easy,No,2,What is segmentation?,"This answer depends on the concept. Generally, it explains the definition and working of the topic in operating systems."
188,Operating System,3,General OS,Easy,No,2,Explain virtual memory with example.,"This answer depends on the concept. Generally, it explains the definition and working of the topic in operating systems."
189,Operating System,4,General OS,Easy,No,2,What is page replacement?,"This answer depends on the concept. Generally, it explains the definition and working of the topic in operating systems."
190,Operating System,5,General OS,Easy,No,2,Explain memory allocation with example.,"This answer depends on the concept. Generally, it explains the definition and working of the topic in operating systems."
191,Operating System,1,General OS,Easy,No,2,What is paging?,"This answer depends on the concept. Generally, it explains the definition and working of the topic in operating systems."
192,Operating System,2,General OS,Easy,No,2,Explain segmentation with example.,"This answer depends on the concept. Generally, it explains the definition and working of the topic in operating systems."
193,Operating System,3,General OS,Easy,No,2,What is virtual memory?,"This answer depends on the concept. Generally, it explains the definition and working of the topic in operating systems."
194,Operating System,4,General OS,Easy,No,2,Explain page replacement with example.,"This answer depends on the concept. Generally, it explains the definition and working of the topic in operating systems."
195,Operating System,5,General OS,Easy,No,2,What is memory allocation?,"This answer depends on the concept. Generally, it explains the definition and working of the topic in operating systems."
196,Operating System,1,General OS,Easy,No,2,Explain paging with example.,"This answer depends on the concept. Generally, it explains the definition and working of the topic in operating systems."
197,Operating System,2,General OS,Easy,No,2,What is segmentation?,"This answer depends on the concept. Generally, it explains the definition and working of the topic in operating systems."
198,Operating System,3,General OS,Easy,No,2,Explain virtual memory with example.,"This answer depends on the concept. Generally, it explains the definition and working of the topic in operating systems."
199,Operating System,4,General OS,Easy,No,2,What is page replacement?,"This answer depends on the concept. Generally, it explains the definition and working of the topic in operating systems."
200,Operating System,5,General OS,Easy,No,2,Explain memory allocation with example.,"This answer depends on the concept. Generally, it explains the definition and working of the topic in operating systems."
201,Operating System,1,General OS,Easy,No,2,What is i/o system?,"This answer depends on the concept. Generally, it explains the definition and working of the topic in operating systems."
202,Operating System,2,General OS,Easy,No,2,Explain disk scheduling with example.,"This answer depends on the concept. Generally, it explains the definition and working of the topic in operating systems."
203,Operating System,3,General OS,Easy,No,2,What is raid?,"This answer depends on the concept. Generally, it explains the definition and working of the topic in operating systems."
204,Operating System,4,General OS,Easy,No,2,Explain file system with example.,"This answer depends on the concept. Generally, it explains the definition and working of the topic in operating systems."
205,Operating System,5,General OS,Easy,No,2,What is directory?,"This answer depends on the concept. Generally, it explains the definition and working of the topic in operating systems."
206,Operating System,1,General OS,Easy,No,2,Explain i/o system with example.,"This answer depends on the concept. Generally, it explains the definition and working of the topic in operating systems."
207,Operating System,2,General OS,Easy,No,2,What is disk scheduling?,"This answer depends on the concept. Generally, it explains the definition and working of the topic in operating systems."
208,Operating System,3,General OS,Easy,No,2,Explain raid with example.,"This answer depends on the concept. Generally, it explains the definition and working of the topic in operating systems."
209,Operating System,4,General OS,Easy,No,2,What is file system?,"This answer depends on the concept. Generally, it explains the definition and working of the topic in operating systems."
210,Operating System,5,General OS,Easy,No,2,Explain directory with example.,"This answer depends on the concept. Generally, it explains the definition and working of the topic in operating systems."
211,Operating System,1,General OS,Easy,No,2,What is i/o system?,"This answer depends on the concept. Generally, it explains the definition and working of the topic in operating systems."
212,Operating System,2,General OS,Easy,No,2,Explain disk scheduling with example.,"This answer depends on the concept. Generally, it explains the definition and working of the topic in operating systems."
213,Operating System,3,General OS,Easy,No,2,What is raid?,"This answer depends on the concept. Generally, it explains the definition and working of the topic in operating systems."
214,Operating System,4,General OS,Easy,No,2,Explain file system with example.,"This answer depends on the concept. Generally, it explains the definition and working of the topic in operating systems."
215,Operating System,5,General OS,Easy,No,2,What is directory?,"This answer depends on the concept. Generally, it explains the definition and working of the topic in operating systems."
216,Operating System,1,General OS,Easy,No,2,Explain i/o system with example.,"This answer depends on the concept. Generally, it explains the definition and working of the topic in operating systems."
217,Operating System,2,General OS,Easy,No,2,What is disk scheduling?,"This answer depends on the concept. Generally, it explains the definition and working of the topic in operating systems."
218,Operating System,3,General OS,Easy,No,2,Explain raid with example.,"This answer depends on the concept. Generally, it explains the definition and working of the topic in operating systems."
219,Operating System,4,General OS,Easy,No,2,What is file system?,"This answer depends on the concept. Generally, it explains the definition and working of the topic in operating systems."
220,Operating System,5,General OS,Easy,No,2,Explain directory with example.,"This answer depends on the concept. Generally, it explains the definition and working of the topic in operating systems."
221,Operating System,1,General OS,Easy,No,2,What is i/o system?,"This answer depends on the concept. Generally, it explains the definition and working of the topic in operating systems."
222,Operating System,2,General OS,Easy,No,2,Explain disk scheduling with example.,"This answer depends on the concept. Generally, it explains the definition and working of the topic in operating systems."
223,Operating System,3,General OS,Easy,No,2,What is raid?,"This answer depends on the concept. Generally, it explains the definition and working of the topic in operating systems."
224,Operating System,4,General OS,Easy,No,2,Explain file system with example.,"This answer depends on the concept. Generally, it explains the definition and working of the topic in operating systems."
225,Operating System,5,General OS,Easy,No,2,What is directory?,"This answer depends on the concept. Generally, it explains the definition and working of the topic in operating systems."
226,Operating System,1,General OS,Easy,No,2,Explain i/o system with example.,"This answer depends on the concept. Generally, it explains the definition and working of the topic in operating systems."
227,Operating System,2,General OS,Easy,No,2,What is disk scheduling?,"This answer depends on the concept. Generally, it explains the definition and working of the topic in operating systems."
228,Operating System,3,General OS,Easy,No,2,Explain raid with example.,"This answer depends on the concept. Generally, it explains the definition and working of the topic in operating systems."
229,Operating System,4,General OS,Easy,No,2,What is file system?,"This answer depends on the concept. Generally, it explains the definition and working of the topic in operating systems."
230,Operating System,5,General OS,Easy,No,2,Explain directory with example.,"This answer depends on the concept. Generally, it explains the definition and working of the topic in operating systems."
231,Operating System,1,General OS,Easy,No,2,What is i/o system?,"This answer depends on the concept. Generally, it explains the definition and working of the topic in operating systems."
232,Operating System,2,General OS,Easy,No,2,Explain disk scheduling with example.,"This answer depends on the concept. Generally, it explains the definition and working of the topic in operating systems."
233,Operating System,3,General OS,Easy,No,2,What is raid?,"This answer depends on the concept. Generally, it explains the definition and working of the topic in operating systems."
234,Operating System,4,General OS,Easy,No,2,Explain file system with example.,"This answer depends on the concept. Generally, it explains the definition and working of the topic in operating systems."
235,Operating System,5,General OS,Easy,No,2,What is directory?,"This answer depends on the concept. Generally, it explains the definition and working of the topic in operating systems."
236,Operating System,1,General OS,Easy,No,2,Explain i/o system with example.,"This answer depends on the concept. Generally, it explains the definition and working of the topic in operating systems."
237,Operating System,2,General OS,Easy,No,2,What is disk scheduling?,"This answer depends on the concept. Generally, it explains the definition and working of the topic in operating systems."
238,Operating System,3,General OS,Easy,No,2,Explain raid with example.,"This answer depends on the concept. Generally, it explains the definition and working of the topic in operating systems."
239,Operating System,4,General OS,Easy,No,2,What is file system?,"This answer depends on the concept. Generally, it explains the definition and working of the topic in operating systems."
240,Operating System,5,General OS,Easy,No,2,Explain directory with example.,"This answer depends on the concept. Generally, it explains the definition and working of the topic in operating systems."
241,Operating System,1,General OS,Easy,No,2,What is i/o system?,"This answer depends on the concept. Generally, it explains the definition and working of the topic in operating systems."
242,Operating System,2,General OS,Easy,No,2,Explain disk scheduling with example.,"This answer depends on the concept. Generally, it explains the definition and working of the topic in operating systems."
243,Operating System,3,General OS,Easy,No,2,What is raid?,"This answer depends on the concept. Generally, it explains the definition and working of the topic in operating systems."
244,Operating System,4,General OS,Easy,No,2,Explain file system with example.,"This answer depends on the concept. Generally, it explains the definition and working of the topic in operating systems."
245,Operating System,5,General OS,Easy,No,2,What is directory?,"This answer depends on the concept. Generally, it explains the definition and working of the topic in operating systems."
246,Operating System,1,General OS,Easy,No,2,Explain i/o system with example.,"This answer depends on the concept. Generally, it explains the definition and working of the topic in operating systems."
247,Operating System,2,General OS,Easy,No,2,What is disk scheduling?,"This answer depends on the concept. Generally, it explains the definition and working of the topic in operating systems."
248,Operating System,3,General OS,Easy,No,2,Explain raid with example.,"This answer depends on the concept. Generally, it explains the definition and working of the topic in operating systems."
249,Operating System,4,General OS,Easy,No,2,What is file system?,"This answer depends on the concept. Generally, it explains the definition and working of the topic in operating systems."
250,Operating System,5,General OS,Easy,No,2,Explain directory with example.,"This answer depends on the concept. Generally, it explains the definition and working of the topic in operating systems."
